{"name":"Test Menu asd ","menu_links":[{"title":"Home","url":"http:\/\/static.test","className":"","newWindow":false,"child":[]},{"title":"Products","url":"http:\/\/example.com\/link2","className":"mega-menu","newWindow":false,"child":[{"title":"Menu Title","url":"","className":"","newWindow":false,"child":[{"title":"Menu Title","url":"","className":"","newWindow":false,"child":[]},{"title":"Menu Title","url":"","className":"","newWindow":false,"child":[]},{"title":"Menu Title","url":"","className":"","newWindow":false,"child":[]}]},{"title":"Child Link 1","url":"http:\/\/example.com\/child-link1","className":"","newWindow":false,"child":[{"title":"Menu Title","url":"","className":"","newWindow":false,"child":[]},{"title":"Menu Title","url":"","className":"","newWindow":false,"child":[]},{"title":"Menu Title","url":"","className":"","newWindow":false,"child":[]},{"title":"Menu Title","url":"","className":"","newWindow":false,"child":[]}]},{"title":"Child Link 2","url":"http:\/\/example.com\/child-link2","className":"","newWindow":false,"child":[{"title":"Subchild Link 1","url":"http:\/\/example.com\/subchild-link1","className":"","newWindow":false,"child":[]},{"title":"Menu Title","url":"","className":"","newWindow":false,"child":[]},{"title":"Menu Title","url":"","className":"","newWindow":false,"child":[]},{"title":"Subchild Link 2","url":"http:\/\/example.com\/subchild-link2","className":"","newWindow":false,"child":[]}]}]},{"title":"Custom Template","url":"http:\/\/static.test\/page-with-custom-template\/","className":"","newWindow":false,"child":[]},{"title":"FQA","url":"#","className":"","newWindow":false,"child":[{"title":"FAQ - Q&A","url":"http:\/\/static.test\/faq-siatex-bangladesh-clothing-supplier\/","className":"","newWindow":false,"child":[]},{"title":"FAQ - Heading","url":"http:\/\/static.test\/faq-with-heading\/","className":"","newWindow":false,"child":[]}]}],"slug":"header-menu"}